nrows,ncols,K,procs,time_s
1000,1000,50,8,0.029299
1000,1000,50,7,0.033655
1000,1000,50,6,0.038880
1000,1000,50,5,0.046433
1000,1000,50,4,0.057677
1000,1000,50,3,0.076307
1000,1000,50,2,0.112570
1000,1000,50,1,0.223547
